Crackers,Nuts,Chips,Cookies
Pretzels,Pudding,MeatSticks,Spreads
Pudding,Pretzels,Nuts,Crackers,Dips
MeatSticks,Pretzels
Chips,Cookies,Pudding,Popcorn,Crackers,Dips,Pretzels,Spreads
Chips,Cookies,Pretzels,Pudding
Pudding,Chips,Cookies,Nuts,Popcorn,Pretzels,Dips
MeatSticks,Pretzels,Dips
Popcorn
MeatSticks,Pudding,Crackers,Popcorn
MeatSticks,Popcorn,Pretzels,Dips,Chips,Cookies
Chips,Cookies,Crackers,Dips,Nuts,Pretzels,Popcorn
MeatSticks
Pretzels,Pudding,Nuts,Crackers
Chips,Cookies,Pretzels,Dips,Pudding
Chips,Cookies,Dips,Nuts,MeatSticks,Pudding,Pretzels
Chips,Cookies,Dips,Nuts,Crackers
Crackers
Pretzels,Chips,Cookies,Crackers,Pudding,Popcorn,Dips
Popcorn,Chips,Cookies,Nuts