Water,Cocoa,Cider
Cocoa,Water,Juice
Cocktail
Tea,Cocktail,Wine,Coffee,Water
Cocktail,Juice,ProteinShake,Soda
Tea,ProteinShake,Coffee,Soda
Water
Water,Cocoa,Wine
Juice,Cocoa,Water,Coffee,Tea,Cider
Cocoa,Tea,Water,Coffee,Wine
Soda,Tea,Coffee,ProteinShake,Juice
Cocoa,Cocktail,Juice,ProteinShake,Water
Coffee,Tea,ProteinShake,Cocktail,Water,Cider
Cocktail,Coffee,ProteinShake,Wine,Juice
Soda,Coffee,Cider
ProteinShake,Water,Coffee
ProteinShake,Cocktail,Ciderss
Coffee,Cocktail,Cocoa,Wine,ProteinShake,Water
Juice,Coffee,Soda
Soda