Pen,Marker,Scissors
Paper,Folder,Highlighter
Pencil,Sharpner
Eraser,Pencil,Sharpner,Stapler,Folder
Marker,Pen,Highlighter
Stapler,Pencil,Sharpner,Eraser
Folder
Scissors,Paper,Crayons
Sharpner,Pencil,Watercolors,Eraser,Stapler,Crayons
Highlighter,Notebook,Pen,Pencil,Eraser
Notepad,Pencil,Pen,Stickynotes,Eraser
Binder,Folder,Paper,Marker,Labels
Labels,Notebook,Pen
Canvas,Watercolors,Crayons,Eraser
Pen,Notebook,Pencil
Scissors,Labels,Folder,Marker
Notepad,Highlighter,Pen,Stapler,Binder
Paper,Scissors,Folder
Pencil,Sharpner,Pen
Ruler,Pencil,Sharpner,Eraser