Milk,Dips,Butter
IcecreamDips,Cheese,Milk,Cream,Butter
Cheese,Doughs,Yogurt,Icecream,Butter
Cheese,Eggs,Milk,Icecream,Butter,Cream,Yogurt,Doughs
Icecream,Doughs,Cream,Butter,Dips
Butter,Dips,Margarine,Doughs
Cream,Icecream,Doughs,Cheese,Butter,Yogurt
Cheese
Yogurt,Icecream,Margarine,Milk,Eggs,Butter
Margarine,Butter,Dips,Milk
Doughs,Margarine,Milk
Yogurt,Margarine,Icecream,Cream
Dips
Butter,Yogurt,Margarine
Eggs,Dips,Yogurt,Milk,Icecream,Cheese,Doughs
Dips,Milk,Cheese,Cream
Milk,Butter,Dips,Margarine,Yogurt
Cheese,Butter
Eggs,Cheese,Doughs,Milk,Icecream
Milk,Icecream,Dips,Cheese,Cream